Store Number,Schematic
7,Schematic10.png
8,Schematic4.png
12,Schematic9.png
23,Schematic15.png
25,Schematic4.png
33,Schematic13.png
35,Schematic14.png
37,Schematic15.png
40,Schematic16.png
41,Schematic18.png
43,Schematic13.png
44,Schematic14.png
47,Schematic4.png
54,Schematic12.png
55,Schematic13.png
58,Schematic13.png
65,Schematic4.png
66,Schematic12.png
67,Schematic13.png
68,Schematic14.png
69,Schematic13.png
72,Schematic19.png
75,Schematic4.png
77,Schematic19.png
80,Schematic4.png
82,Schematic4.png
83,Schematic10.png
86,Schematic13.png
87,Schematic13.png
91,Schematic13.png
92,Schematic16.png
93,Schematic13.png
94,Schematic4.png
95,Schematic13.png
96,Schematic13.png
97,Schematic4.png
98,Schematic13.png
99,Schematic13.png
100,Schematic4.png
101,Schematic18.png
103,Schematic13.png
104,Schematic18.png
105,Schematic13.png
106,Schematic13.png
108,Schematic4.png
109,Schematic4.png
111,Schematic13.png
113,Schematic10.png
116,Schematic13.png
121,Schematic13.png
122,Schematic4.png
123,Schematic8.png
124,Schematic4.png
125,Schematic19.png
126,Schematic16.png
128,Schematic13.png
129,Schematic4.png
131,Schematic13.png
132,Schematic19.png
133,Schematic16.png
134,Schematic4.png
135,Schematic13.png
136,Schematic10.png
137,Schematic10.png
142,Schematic4.png
143,Schematic10.png
146,Schematic4.png
147,Schematic4.png
148,Schematic13.png
149,Schematic18.png
150,Schematic13.png
152,Schematic4.png
153,Schematic4.png
155,Schematic10.png
156,Schematic16.png
157,Schematic13.png
160,Schematic18.png
161,Schematic16.png
164,Schematic13.png
165,Schematic18.png
167,Schematic10.png
168,Schematic4.png
170,Schematic3.png
171,Schematic18.png
173,Schematic16.png
174,Schematic4.png
177,Schematic13.png
178,Schematic18.png
179,Schematic18.png
180,Schematic13.png
181,Schematic10.png
183,Schematic18.png
184,Schematic13.png
185,Schematic4.png
186,Schematic16.png
187,Schematic13.png
188,Schematic11.png
192,Schematic4.png
193,Schematic10.png
199,Schematic12.png
200,Schematic13.png
201,Schematic10.png
203,Schematic13.png
204,Schematic13.png
205,Schematic13.png
207,Schematic12.png
208,Schematic13.png
209,Schematic13.png
210,Schematic13.png
211,Schematic12.png
212,Schematic13.png
213,Schematic13.png
214,Schematic13.png
215,Schematic13.png
216,Schematic10.png
217,Schematic13.png
219,Schematic10.png
220,Schematic4.png
221,Schematic13.png
222,Schematic4.png
223,Schematic16.png
224,Schematic13.png
225,Schematic13.png
227,Schematic13.png
228,Schematic13.png
229,Schematic4.png
230,Schematic13.png
231,Schematic13.png
232,Schematic10.png
233,Schematic13.png
234,Schematic13.png
235,Schematic12.png
236,Schematic10.png
237,Schematic13.png
238,Schematic13.png
239,Schematic4.png
241,Schematic13.png
244,Schematic12.png
245,Schematic13.png
246,Schematic13.png
247,Schematic13.png
251,Schematic4.png
252,Schematic4.png
253,Schematic13.png
254,Schematic4.png
255,Schematic10.png
257,Schematic13.png
258,Schematic13.png
259,Schematic13.png
260,Schematic4.png
261,Schematic13.png
262,Schematic4.png
263,Schematic13.png
264,Schematic13.png
265,Schematic13.png
266,Schematic4.png
267,Schematic13.png
268,Schematic4.png
269,Schematic13.png
270,Schematic13.png
271,Schematic13.png
272,Schematic13.png
273,Schematic4.png
274,Schematic19.png
275,Schematic13.png
276,Schematic4.png
277,Schematic13.png
278,Schematic13.png
279,Schematic13.png
280,Schematic13.png
282,Schematic13.png
283,Schematic16.png
284,Schematic13.png
285,Schematic16.png
286,Schematic13.png
288,Schematic4.png
289,Schematic13.png
290,Schematic10.png
291,Schematic10.png
292,Schematic9.png
294,Schematic13.png
295,Schematic13.png
296,Schematic13.png
298,Schematic13.png
300,Schematic13.png
301,Schematic13.png
302,Schematic13.png
303,Schematic4.png
304,Schematic13.png
305,Schematic13.png
307,Schematic4.png
308,Schematic13.png
309,Schematic16.png
311,Schematic10.png
312,Schematic16.png
313,Schematic4.png
314,Schematic4.png
315,Schematic13.png
316,Schematic13.png
317,Schematic17.png
319,Schematic13.png
321,Schematic13.png
322,Schematic10.png
324,Schematic13.png
325,Schematic4.png
326,Schematic13.png
329,Schematic4.png
330,Schematic4.png
331,Schematic13.png
332,Schematic19.png
333,Schematic13.png
334,Schematic13.png
335,Schematic10.png
336,Schematic13.png
337,Schematic10.png
338,Schematic13.png
339,Schematic4.png
341,Schematic10.png
342,Schematic4.png
343,Schematic13.png
344,Schematic13.png
345,Schematic13.png
347,Schematic13.png
348,Schematic13.png
349,Schematic13.png
350,Schematic4.png
351,Schematic4.png
352,Schematic10.png
353,Schematic16.png
354,Schematic4.png
355,Schematic13.png
356,Schematic4.png
357,Schematic16.png
358,Schematic16.png
359,Schematic13.png
360,Schematic13.png
361,Schematic4.png
362,Schematic19.png
363,Schematic19.png
364,Schematic10.png
365,Schematic19.png
366,Schematic13.png
367,Schematic13.png
368,Schematic4.png
369,Schematic16.png
370,Schematic13.png
371,Schematic13.png
372,Schematic13.png
373,Schematic13.png
374,Schematic4.png
375,Schematic13.png
376,Schematic13.png
377,Schematic4.png
378,Schematic14.png
379,Schematic4.png
380,Schematic13.png
382,Schematic19.png
383,Schematic13.png
384,Schematic13.png
385,Schematic16.png
388,Schematic13.png
389,Schematic4.png
390,Schematic10.png
391,Schematic16.png
392,Schematic10.png
393,Schematic13.png
394,Schematic13.png
395,Schematic13.png
396,Schematic16.png
397,Schematic13.png
398,Schematic13.png
399,Schematic19.png
400,Schematic4.png
402,Schematic13.png
403,Schematic13.png
404,Schematic16.png
405,Schematic13.png
406,Schematic19.png
407,Schematic10.png
408,Schematic4.png
409,Schematic4.png
410,Schematic16.png
411,Schematic13.png
412,Schematic13.png
414,Schematic13.png
415,Schematic19.png
416,Schematic10.png
417,Schematic13.png
418,Schematic13.png
419,Schematic13.png
420,Schematic13.png
421,Schematic13.png
422,Schematic5.png
424,Schematic13.png
425,Schematic13.png
426,Schematic13.png
427,Schematic13.png
428,Schematic16.png
429,Schematic13.png
430,Schematic13.png
431,Schematic13.png
432,Schematic4.png
433,Schematic10.png
434,Schematic4.png
435,Schematic4.png
437,Schematic13.png
438,Schematic13.png
439,Schematic13.png
440,Schematic13.png
441,Schematic13.png
442,Schematic13.png
443,Schematic13.png
444,Schematic4.png
446,Schematic10.png
447,Schematic13.png
448,Schematic4.png
449,Schematic4.png
450,Schematic16.png
451,Schematic4.png
452,Schematic13.png
453,Schematic13.png
455,Schematic16.png
456,Schematic16.png
457,Schematic19.png
458,Schematic4.png
459,Schematic13.png
460,Schematic16.png
461,Schematic13.png
462,Schematic16.png
463,Schematic18.png
464,Schematic16.png
465,Schematic16.png
466,Schematic13.png
467,Schematic16.png
468,Schematic13.png
469,Schematic4.png
472,Schematic13.png
473,Schematic19.png
474,Schematic13.png
475,Schematic13.png
477,Schematic13.png
478,Schematic16.png
479,Schematic13.png
480,Schematic13.png
481,Schematic13.png
482,Schematic13.png
484,Schematic13.png
485,Schematic13.png
486,Schematic16.png
487,Schematic13.png
490,Schematic16.png
491,Schematic13.png
492,Schematic13.png
494,Schematic13.png
495,Schematic16.png
496,Schematic16.png
497,Schematic16.png
498,Schematic16.png
499,Schematic19.png
500,Schematic16.png
501,Schematic13.png
502,Schematic13.png
503,Schematic19.png
504,Schematic13.png
505,Schematic16.png
506,Schematic16.png
507,Schematic16.png
508,Schematic13.png
509,Schematic18.png
510,Schematic18.png
511,Schematic13.png
513,Schematic16.png
514,Schematic13.png
515,Schematic16.png
516,Schematic4.png
519,Schematic16.png
520,Schematic4.png
521,Schematic13.png
522,Schematic16.png
523,Schematic16.png
524,Schematic16.png
525,Schematic13.png
526,Schematic13.png
527,Schematic16.png
528,Schematic13.png
529,Schematic16.png
530,Schematic13.png
531,Schematic4.png
532,Schematic13.png
533,Schematic13.png
535,Schematic4.png
536,Schematic13.png
537,Schematic13.png
539,Schematic4.png
540,Schematic16.png
541,Schematic16.png
542,Schematic13.png
543,Schematic16.png
544,Schematic16.png
545,Schematic13.png
546,Schematic4.png
547,Schematic16.png
548,Schematic13.png
549,Schematic16.png
550,Schematic4.png
551,Schematic13.png
552,Schematic13.png
553,Schematic16.png
554,Schematic9.png
554,Schematic9.png
555,Schematic16.png
556,Schematic13.png
557,Schematic16.png
558,Schematic13.png
559,Schematic13.png
561,Schematic16.png
562,Schematic13.png
563,Schematic16.png
564,Schematic13.png
565,Schematic13.png
566,Schematic13.png
567,Schematic13.png
568,Schematic16.png
569,Schematic4.png
570,Schematic13.png
571,Schematic13.png
574,Schematic13.png
575,Schematic4.png
576,Schematic16.png
577,Schematic13.png
578,Schematic13.png
579,Schematic4.png
580,Schematic16.png
581,Schematic4.png
582,Schematic13.png
583,Schematic4.png
584,Schematic13.png
585,Schematic13.png
586,Schematic16.png
587,Schematic16.png
588,Schematic13.png
589,Schematic13.png
590,Schematic4.png
591,Schematic16.png
592,Schematic13.png
593,Schematic13.png
594,Schematic16.png
595,Schematic16.png
596,Schematic13.png
597,Schematic4.png
598,Schematic16.png
599,Schematic4.png
600,Schematic13.png
601,Schematic16.png
602,Schematic16.png
603,Schematic16.png
604,Schematic4.png
605,Schematic13.png
606,Schematic16.png
607,Schematic13.png
608,Schematic16.png
609,Schematic16.png
610,Schematic16.png
611,Schematic16.png
613,Schematic13.png
614,Schematic16.png
615,Schematic13.png
616,Schematic18.png
617,Schematic13.png
618,Schematic13.png
619,Schematic13.png
620,Schematic4.png
621,Schematic13.png
622,Schematic13.png
623,Schematic18.png
624,Schematic18.png
626,Schematic13.png
627,Schematic16.png
628,Schematic4.png
629,Schematic13.png
630,Schematic16.png
631,Schematic4.png
633,Schematic16.png
634,Schematic13.png
635,Schematic16.png
636,Schematic16.png
637,Schematic16.png
638,Schematic13.png
639,Schematic9.png
640,Schematic18.png
641,Schematic16.png
642,Schematic13.png
643,Schematic16.png
644,Schematic13.png
645,Schematic16.png
646,Schematic16.png
647,Schematic16.png
648,Schematic16.png
649,Schematic13.png
650,Schematic13.png
651,Schematic13.png
652,Schematic13.png
653,Schematic16.png
654,Schematic16.png
655,Schematic4.png
656,Schematic13.png
657,Schematic16.png
658,Schematic9.png
659,Schematic16.png
660,Schematic16.png
661,Schematic16.png
662,Schematic13.png
663,Schematic16.png
664,Schematic4.png
665,Schematic18.png
666,Schematic13.png
667,Schematic16.png
669,Schematic16.png
670,Schematic13.png
672,Schematic13.png
673,Schematic13.png
674,Schematic13.png
675,Schematic13.png
677,Schematic13.png
678,Schematic13.png
679,Schematic12.png
680,Schematic4.png
681,Schematic16.png
682,Schematic13.png
683,Schematic13.png
684,Schematic13.png
685,Schematic4.png
686,Schematic13.png
688,Schematic16.png
689,Schematic16.png
691,Schematic13.png
692,Schematic13.png
693,Schematic4.png
694,Schematic16.png
695,Schematic13.png
696,Schematic13.png
697,Schematic4.png
699,Schematic13.png
701,Schematic16.png
702,Schematic13.png
703,Schematic13.png
705,Schematic13.png
706,Schematic13.png
707,Schematic18.png
708,Schematic16.png
709,Schematic16.png
710,Schematic16.png
711,Schematic10.png
713,Schematic16.png
716,Schematic13.png
717,Schematic13.png
718,Schematic13.png
719,Schematic13.png
720,Schematic13.png
721,Schematic13.png
722,Schematic16.png
723,Schematic13.png
724,Schematic16.png
725,Schematic13.png
726,Schematic13.png
727,Schematic13.png
729,Schematic16.png
730,Schematic13.png
731,Schematic16.png
732,Schematic13.png
733,Schematic13.png
734,Schematic16.png
735,Schematic13.png
736,Schematic16.png
737,Schematic16.png
738,Schematic13.png
739,Schematic16.png
740,Schematic13.png
741,Schematic16.png
742,Schematic13.png
743,Schematic16.png
744,Schematic16.png
745,Schematic16.png
746,Schematic16.png
747,Schematic16.png
748,Schematic16.png
749,Schematic1.png
750,Schematic13.png
751,Schematic12.png
752,Schematic18.png
753,Schematic16.png
754,Schematic16.png
755,Schematic13.png
756,Schematic16.png
758,Schematic13.png
759,Schematic16.png
760,Schematic16.png
761,Schematic4.png
762,Schematic16.png
763,Schematic13.png
764,Schematic13.png
765,Schematic13.png
766,Schematic13.png
767,Schematic13.png
768,Schematic13.png
769,Schematic16.png
770,Schematic13.png
771,Schematic13.png
772,Schematic13.png
773,Schematic13.png
774,Schematic13.png
777,Schematic16.png
778,Schematic13.png
779,Schematic13.png
780,Schematic13.png
781,Schematic4.png
782,Schematic13.png
783,Schematic13.png
784,Schematic13.png
787,Schematic13.png
788,Schematic13.png
789,Schematic13.png
790,Schematic10.png
791,Schematic3.png
792,Schematic16.png
793,Schematic13.png
794,Schematic13.png
795,Schematic13.png
796,Schematic13.png
797,Schematic16.png
798,Schematic16.png
799,Schematic13.png
1001,Schematic13.png
1002,Schematic13.png
1003,Schematic16.png
1004,Schematic13.png
1005,Schematic13.png
1006,Schematic16.png
1008,Schematic16.png
1009,Schematic6.png
1010,Schematic13.png
1011,Schematic13.png
1012,Schematic16.png
1013,Schematic13.png
1014,Schematic16.png
1015,Schematic16.png
1016,Schematic13.png
1017,Schematic18.png
1018,Schematic16.png
1019,Schematic16.png
1020,Schematic18.png
1021,Schematic10.png
1023,Schematic13.png
1024,Schematic16.png
1025,Schematic16.png
1026,Schematic16.png
1027,Schematic16.png
1028,Schematic16.png
1029,Schematic16.png
1030,Schematic18.png
1032,Schematic16.png
1034,Schematic13.png
1035,Schematic16.png
1036,Schematic13.png
1037,Schematic13.png
1038,Schematic16.png
1040,Schematic13.png
1042,Schematic7.png
1043,Schematic16.png
1044,Schematic13.png
1045,Schematic13.png
1046,Schematic16.png
1047,Schematic13.png
1048,Schematic13.png
1049,Schematic16.png
1050,Schematic16.png
1051,Schematic16.png
1052,Schematic13.png
1054,Schematic18.png
1056,Schematic13.png
1059,Schematic13.png
1060,Schematic18.png
1061,Schematic13.png
1062,Schematic16.png
1063,Schematic16.png
1064,Schematic13.png
1066,Schematic13.png
1067,Schematic18.png
1068,Schematic13.png
1069,Schematic16.png
1070,Schematic13.png
1071,Schematic13.png
1072,Schematic12.png
1073,Schematic10.png
1074,Schematic13.png
1075,Schematic2.png
1076,Schematic5.png
1077,Schematic13.png
1078,Schematic13.png
1079,Schematic16.png
1080,Schematic12.png
1081,Schematic12.png
1082,Schematic13.png
1083,Schematic16.png
1084,Schematic13.png
1085,Schematic18.png
1086,Schematic16.png
1087,Schematic16.png
1088,Schematic13.png
1089,Schematic13.png
1090,Schematic10.png
1091,Schematic16.png
1092,Schematic18.png
1093,Schematic18.png
1095,Schematic18.png
1096,Schematic13.png
1097,Schematic13.png
1098,Schematic16.png
1099,Schematic13.png
1100,Schematic16.png
1101,Schematic13.png
1102,Schematic13.png
1103,Schematic16.png
1104,Schematic16.png
1105,Schematic18.png
1106,Schematic13.png
1107,Schematic13.png
1108,Schematic13.png
1109,Schematic13.png
1110,Schematic13.png
1111,Schematic10.png
1112,Schematic13.png
1113,Schematic16.png
1114,Schematic10.png
1115,Schematic7.png
1116,Schematic13.png
1117,Schematic18.png
1118,Schematic11.png
1119,Schematic12.png
1120,Schematic16.png
1121,Schematic13.png
1122,Schematic13.png
1123,Schematic16.png
1124,Schematic13.png
1125,Schematic13.png
1126,Schematic18.png
1127,Schematic18.png
1128,Schematic18.png
1129,Schematic13.png
1130,Schematic16.png
1131,Schematic18.png
1132,Schematic10.png
1133,Schematic16.png
1134,Schematic13.png
1135,Schematic13.png
1136,Schematic7.png
1137,Schematic13.png
1138,Schematic13.png
1139,Schematic16.png
1140,Schematic18.png
1141,Schematic13.png
1142,Schematic13.png
1143,Schematic16.png
1144,Schematic18.png
1145,Schematic12.png
1146,Schematic18.png
1147,Schematic18.png
1148,Schematic13.png
1149,Schematic13.png
1150,Schematic16.png
1151,Schematic13.png
1152,Schematic18.png
1153,Schematic13.png
1154,Schematic12.png
1155,Schematic10.png
1156,Schematic12.png
1157,Schematic18.png
1158,Schematic18.png
1159,Schematic18.png
1160,Schematic13.png
1161,Schematic13.png
1162,Schematic13.png
1163,Schematic18.png
1164,Schematic13.png
1165,Schematic9.png
1166,Schematic5.png
1167,Schematic18.png
1168,Schematic18.png
1169,Schematic18.png
1170,Schematic10.png
1171,Schematic13.png
1172,Schematic13.png
1173,Schematic16.png
1174,Schematic10.png
1175,Schematic18.png
1176,Schematic13.png
1177,Schematic18.png
1179,Schematic13.png
1180,Schematic13.png
1181,Schematic18.png
1182,Schematic18.png
1183,Schematic18.png
1184,Schematic18.png
1185,Schematic18.png
1186,Schematic5.png
1187,Schematic5.png
1188,Schematic18.png
1189,Schematic16.png
1190,Schematic13.png
1191,Schematic16.png
1192,Schematic13.png
1193,Schematic18.png
1194,Schematic16.png
1195,Schematic5.png
1196,Schematic18.png
1197,Schematic18.png
1198,Schematic10.png
1199,Schematic10.png
1200,Schematic18.png
1201,Schematic18.png
1202,Schematic18.png
1203,Schematic13.png
1204,Schematic18.png
1205,Schematic18.png
1207,Schematic18.png
1208,Schematic18.png
1209,Schematic18.png
1210,Schematic18.png
1211,Schematic18.png
1213,Schematic18.png
1214,Schematic18.png
1215,Schematic18.png
1216,Schematic18.png
1217,Schematic18.png
1218,Schematic12.png
1219,Schematic18.png
1220,Schematic10.png
1221,Schematic12.png
1222,Schematic10.png
1223,Schematic10.png
1224,Schematic9.png
1225,Schematic12.png
1226,Schematic4.png
1228,Schematic17.png
1229,Schematic18.png
1230,Schematic12.png
1231,Schematic18.png
1232,Schematic12.png
1233,Schematic12.png
1234,Schematic12.png
1235,Schematic12.png
1236,Schematic9.png
1237,Schematic18.png
1238,Schematic18.png
1239,Schematic18.png
1240,Schematic18.png
1241,Schematic10.png
1242,Schematic12.png
1243,Schematic18.png
1244,Schematic18.png
1245,Schematic18.png
1246,Schematic18.png
1247,Schematic18.png
1248,Schematic18.png
1249,Schematic12.png
1250,Schematic18.png
1251,Schematic12.png
1252,Schematic12.png
1253,Schematic10.png
1254,Schematic18.png
1255,Schematic12.png
1256,Schematic18.png
1257,Schematic18.png
1258,Schematic18.png
1259,Schematic12.png
1260,Schematic12.png
1261,Schematic9.png
1262,Schematic10.png
1263,Schematic10.png
1264,Schematic12.png
1265,Schematic12.png
1266,Schematic10.png
1267,Schematic10.png
1268,Schematic12.png
1269,Schematic18.png
1270,Schematic12.png
1271,Schematic18.png
1272,Schematic18.png
1273,Schematic18.png
1274,Schematic12.png
1275,Schematic5.png
1276,Schematic12.png
1277,Schematic12.png
1278,Schematic10.png
1279,Schematic6.png
1280,Schematic18.png
1281,Schematic18.png
1282,Schematic18.png
1283,Schematic18.png
1284,Schematic18.png
1285,Schematic18.png
1286,Schematic9.png
1287,Schematic12.png
1288,Schematic18.png
1289,Schematic18.png
1290,Schematic10.png
1291,Schematic12.png
1292,Schematic12.png
1293,Schematic18.png
1294,Schematic12.png
1295,Schematic12.png
1296,Schematic18.png
1297,Schematic18.png
1298,Schematic18.png
1299,Schematic18.png
1300,Schematic12.png
1301,Schematic12.png
1302,Schematic4.png
1303,Schematic12.png
1304,Schematic12.png
1305,Schematic12.png
1306,Schematic12.png
1307,Schematic10.png
1308,Schematic18.png
1309,Schematic5.png
1310,Schematic18.png
1311,Schematic18.png
1312,Schematic18.png
1313,Schematic18.png
1314,Schematic18.png
1315,Schematic5.png
1316,Schematic12.png
1317,Schematic12.png
1318,Schematic12.png
1319,Schematic12.png
1320,Schematic12.png
1321,Schematic10.png
1322,Schematic12.png
1323,Schematic12.png
1324,Schematic12.png
1325,Schematic10.png
1326,Schematic12.png
1327,Schematic12.png
1328,Schematic12.png
1329,Schematic12.png
1330,Schematic10.png
1331,Schematic10.png
1333,Schematic12.png
1334,Schematic12.png
1335,Schematic10.png
1336,Schematic2.png
1337,Schematic10.png
1338,Schematic12.png
1339,Schematic10.png
1340,Schematic10.png
1341,Schematic12.png
1342,Schematic12.png
1343,Schematic12.png
1344,Schematic10.png
1345,Schematic12.png
1346,Schematic12.png
1347,Schematic12.png
1348,Schematic10.png
1349,Schematic12.png
1350,Schematic12.png
1351,Schematic12.png
1352,Schematic10.png
1353,Schematic10.png
1354,Schematic9.png
1355,Schematic12.png
1356,Schematic12.png
1357,Schematic12.png
1358,Schematic12.png
1359,Schematic12.png
1360,Schematic10.png
1361,Schematic9.png
1362,Schematic10.png
1363,Schematic12.png
1364,Schematic9.png
1365,Schematic10.png
1366,Schematic10.png
1367,Schematic10.png
1368,Schematic12.png
1369,Schematic12.png
1370,Schematic12.png
1371,Schematic12.png
1372,Schematic10.png
1373,Schematic10.png
1374,Schematic12.png
1375,Schematic12.png
1377,Schematic12.png
1378,Schematic10.png
1379,Schematic12.png
1380,Schematic12.png
1381,Schematic12.png
1382,Schematic12.png
1383,Schematic12.png
1384,Schematic10.png
1385,Schematic10.png
1386,Schematic10.png
1387,Schematic10.png
1388,Schematic5.png
1389,Schematic12.png
1390,Schematic12.png
1391,Schematic10.png
1392,Schematic12.png
1393,Schematic10.png
1394,Schematic12.png
1395,Schematic10.png
1396,Schematic12.png
1397,Schematic10.png
1398,Schematic10.png
1399,Schematic10.png
1400,Schematic10.png
1401,Schematic10.png
1402,Schematic12.png
1403,Schematic12.png
1404,Schematic12.png
1405,Schematic12.png
1407,Schematic10.png
1408,Schematic10.png
1409,Schematic12.png
1410,Schematic12.png
1411,Schematic10.png
1412,Schematic10.png
1413,Schematic10.png
1414,Schematic10.png
1415,Schematic5.png
1416,Schematic10.png
1417,Schematic12.png
1418,Schematic5.png
1419,Schematic12.png
1420,Schematic12.png
1421,Schematic10.png
1422,Schematic10.png
1423,Schematic10.png
1424,Schematic10.png
1425,Schematic10.png
1426,Schematic10.png
1427,Schematic10.png
1428,Schematic10.png
1429,Schematic10.png
1430,Schematic10.png
1431,Schematic10.png
1432,Schematic10.png
1433,Schematic10.png
1434,Schematic10.png
1435,Schematic10.png
1436,Schematic10.png
1437,Schematic10.png
1438,Schematic10.png
1439,Schematic10.png
1440,Schematic10.png
1441,Schematic10.png
1442,Schematic10.png
1443,Schematic10.png
1444,Schematic5.png
1445,Schematic10.png
1446,Schematic10.png
1447,Schematic10.png
1448,Schematic5.png
1449,Schematic10.png
1450,Schematic10.png
1451,Schematic10.png
1452,Schematic10.png
1453,Schematic10.png
1454,Schematic10.png
1455,Schematic10.png
1456,Schematic10.png
1457,Schematic10.png
1458,Schematic10.png
1459,Schematic10.png
1460,Schematic10.png
1461,Schematic10.png
1462,Schematic10.png
1463,Schematic10.png
1464,Schematic10.png
1465,Schematic10.png
1466,Schematic10.png
1467,Schematic10.png
1468,Schematic10.png
1469,Schematic10.png
1470,Schematic10.png
1471,Schematic10.png
1472,Schematic10.png
1473,Schematic10.png
1474,Schematic10.png
1475,Schematic10.png
1476,Schematic10.png
1477,Schematic5.png
1478,Schematic10.png
1479,Schematic10.png
1480,Schematic10.png
1481,Schematic10.png
1482,Schematic10.png
1483,Schematic5.png
1484,Schematic10.png
1485,Schematic10.png
1486,Schematic10.png
1487,Schematic10.png
1488,Schematic10.png
1489,Schematic10.png
1490,Schematic10.png
1491,Schematic10.png
1492,Schematic10.png
1493,Schematic10.png
1494,Schematic10.png
1495,Schematic10.png
1496,Schematic10.png
1497,Schematic10.png
1498,Schematic10.png
1499,Schematic10.png
1500,Schematic10.png
1501,Schematic10.png
1502,Schematic10.png
1503,Schematic10.png
1504,Schematic5.png
1505,Schematic9.png
1506,Schematic10.png
1507,Schematic9.png
1508,Schematic10.png
1509,Schematic10.png
1511,Schematic10.png
1512,Schematic10.png
1513,Schematic10.png
1514,Schematic10.png
1515,Schematic10.png
1516,Schematic10.png
1517,Schematic10.png
1518,Schematic10.png
1519,Schematic10.png
1520,Schematic10.png
1521,Schematic10.png
1522,Schematic10.png
1523,Schematic10.png
1524,Schematic9.png
1525,Schematic10.png
1526,Schematic10.png
1527,Schematic10.png
1528,Schematic10.png
1529,Schematic10.png
1530,Schematic9.png
1531,Schematic10.png
1532,Schematic10.png
1533,Schematic10.png
1534,Schematic10.png
1535,Schematic10.png
1536,Schematic10.png
1537,Schematic10.png
1538,Schematic10.png
1539,Schematic10.png
1540,Schematic10.png
1541,Schematic10.png
1542,Schematic10.png
1543,Schematic10.png
1544,Schematic10.png
1545,Schematic10.png
1546,Schematic9.png
1547,Schematic10.png
1548,Schematic10.png
1549,Schematic10.png
1550,Schematic10.png
1551,Schematic10.png
1553,Schematic10.png
1554,Schematic10.png
1555,Schematic10.png
1556,Schematic10.png
1557,Schematic10.png
1558,Schematic10.png
1559,Schematic10.png
1560,Schematic10.png
1561,Schematic10.png
1562,Schematic10.png
1563,Schematic10.png
1564,Schematic10.png
1565,Schematic10.png
1566,Schematic10.png
1567,Schematic10.png
1568,Schematic10.png
1569,Schematic10.png
1570,Schematic10.png
1571,Schematic10.png
1572,Schematic9.png
1573,Schematic10.png
1574,Schematic10.png
1575,Schematic10.png
1576,Schematic10.png
1577,Schematic10.png
1578,Schematic10.png
1579,Schematic9.png
1580,Schematic10.png
1581,Schematic10.png
1582,Schematic10.png
1583,Schematic10.png
1584,Schematic5.png
1585,Schematic10.png
1586,Schematic10.png
1587,Schematic10.png
1588,Schematic4.png
1589,Schematic9.png
1590,Schematic10.png
1591,Schematic4.png
1592,Schematic10.png
1593,Schematic10.png
1594,Schematic9.png
1595,Schematic10.png
1596,Schematic10.png
1597,Schematic4.png
1598,Schematic10.png
1599,Schematic10.png
1600,Schematic10.png
1601,Schematic10.png
1602,Schematic10.png
1603,Schematic10.png
1604,Schematic10.png
1605,Schematic9.png
1606,Schematic10.png
1607,Schematic7.png
1608,Schematic10.png
1609,Schematic5.png
1610,Schematic10.png
1611,Schematic10.png
1612,Schematic10.png
1613,Schematic10.png
1614,Schematic10.png
1615,Schematic10.png
1616,Schematic10.png
1617,Schematic5.png
1618,Schematic10.png
1619,Schematic10.png
1620,Schematic9.png
1621,Schematic10.png
1622,Schematic10.png
1623,Schematic10.png
1624,Schematic10.png
1625,Schematic10.png
1626,Schematic10.png
1627,Schematic10.png
1628,Schematic10.png
1630,Schematic9.png
1631,Schematic10.png
1632,Schematic10.png
1633,Schematic10.png
1634,Schematic10.png
1635,Schematic10.png
1636,Schematic10.png
1637,Schematic10.png
1638,Schematic4.png
1639,Schematic10.png
1640,Schematic10.png
1641,Schematic5.png
1642,Schematic10.png
1643,Schematic10.png
1644,Schematic10.png
1645,Schematic5.png
1646,Schematic10.png
1647,Schematic5.png
1648,Schematic10.png
1649,Schematic10.png
1650,Schematic10.png
1651,Schematic4.png
1653,Schematic10.png
1654,Schematic9.png
1656,Schematic10.png
1657,Schematic10.png
1658,Schematic9.png
1659,Schematic4.png
1660,Schematic10.png
1661,Schematic9.png
1664,Schematic9.png
1665,Schematic10.png
1666,Schematic10.png
1667,Schematic10.png
1668,Schematic5.png
1669,Schematic10.png
1670,Schematic4.png
1671,Schematic4.png
1672,Schematic10.png
1673,Schematic10.png
1674,Schematic10.png
1675,Schematic10.png
1676,Schematic4.png
1677,Schematic10.png
1678,Schematic10.png
1679,Schematic10.png
1681,Schematic5.png
1682,Schematic9.png
1683,Schematic10.png
1684,Schematic4.png
1685,Schematic4.png
1686,Schematic9.png
1687,Schematic5.png
1688,Schematic10.png
1689,Schematic4.png
1690,Schematic4.png
1691,Schematic4.png
1692,Schematic9.png
1693,Schematic4.png
1694,Schematic10.png
1695,Schematic4.png
1696,Schematic4.png
1697,Schematic4.png
1698,Schematic4.png
1699,Schematic10.png
1700,Schematic10.png
1701,Schematic10.png
1702,Schematic4.png
1703,Schematic4.png
1704,Schematic4.png
1705,Schematic4.png
1706,Schematic10.png
1707,Schematic4.png
1708,Schematic4.png
1709,Schematic4.png
1711,Schematic4.png
1712,Schematic4.png
1714,Schematic5.png
1715,Schematic10.png
1716,Schematic4.png
1717,Schematic4.png
1718,Schematic4.png
1719,Schematic10.png
1721,Schematic4.png
1722,Schematic2.png
1723,Schematic2.png
1724,Schematic2.png
1725,Schematic2.png
1726,Schematic4.png
1727,Schematic2.png
1728,Schematic4.png
1729,Schematic4.png
1730,Schematic4.png
1731,Schematic4.png
1732,Schematic4.png
1734,Schematic4.png
1735,Schematic4.png
1736,Schematic4.png
1737,Schematic4.png
1738,Schematic4.png
1740,Schematic4.png
1744,Schematic4.png
1745,Schematic4.png
1747,Schematic4.png
1748,Schematic4.png
1749,Schematic4.png
1750,Schematic4.png
1752,Schematic4.png
1753,Schematic4.png
1754,Schematic4.png
1756,Schematic4.png
1757,Schematic4.png
1758,Schematic4.png
1759,Schematic4.png
1760,Schematic4.png
1761,Schematic4.png
1762,Schematic4.png
1763,Schematic4.png
1767,Schematic4.png
1768,Schematic4.png
1769,Schematic4.png
1770,Schematic4.png
1771,Schematic4.png
1772,Schematic4.png
1773,Schematic4.png
1774,Schematic4.png
1775,Schematic4.png
1776,Schematic4.png
1777,Schematic4.png
1780,Schematic4.png
1781,Schematic4.png
1782,Schematic4.png
1783,Schematic4.png
1784,Schematic2.png
1785,Schematic4.png
1786,Schematic4.png
1787,Schematic4.png
1788,Schematic4.png
1791,Schematic4.png
1792,Schematic4.png
1793,Schematic4.png
1794,Schematic2.png
1795,Schematic4.png
1796,Schematic4.png
1797,Schematic4.png
1798,Schematic4.png
1800,Schematic4.png
1801,Schematic4.png
1802,Schematic4.png
1805,Schematic4.png
1806,Schematic4.png
1807,Schematic2.png
1808,Schematic2.png
1809,Schematic4.png
1810,Schematic4.png
1811,Schematic4.png
1813,Schematic4.png
1814,Schematic4.png
1816,Schematic4.png
1817,Schematic4.png
1820,Schematic4.png
1821,Schematic4.png
1822,Schematic2.png
1823,Schematic4.png
1824,Schematic4.png
1826,Schematic4.png
1827,Schematic4.png
1829,Schematic4.png
1830,Schematic4.png
1831,Schematic4.png
1832,Schematic4.png
1833,Schematic2.png
1834,Schematic4.png
1835,Schematic4.png
1836,Schematic4.png
1837,Schematic4.png
1838,Schematic4.png
1839,Schematic2.png
1840,Schematic2.png
1841,Schematic4.png
1842,Schematic2.png
1844,Schematic4.png
1845,Schematic2.png
1846,Schematic4.png
1847,Schematic4.png
1850,Schematic2.png
1851,Schematic4.png
1856,Schematic2.png
1857,Schematic4.png
1858,Schematic2.png
1859,Schematic4.png
1860,Schematic2.png
1863,Schematic4.png
1864,Schematic4.png
1865,Schematic4.png
1868,Schematic4.png
1869,Schematic4.png
1870,Schematic4.png
1871,Schematic4.png
1872,Schematic2.png
1873,Schematic4.png
1876,Schematic4.png
1877,Schematic2.png
1878,Schematic2.png
1880,Schematic4.png
1882,Schematic4.png
1884,Schematic4.png
1885,Schematic4.png
1889,Schematic4.png
1890,Schematic2.png
1891,Schematic4.png
1892,Schematic4.png
1893,Schematic4.png
1896,Schematic7.png
1899,Schematic3.png
2000,Schematic4.png
2001,Schematic1.png
2002,Schematic4.png
2003,Schematic4.png
2004,Schematic4.png
2005,Schematic2.png
2006,Schematic4.png
2009,Schematic4.png
2010,Schematic4.png
2011,Schematic4.png
2012,Schematic4.png
2015,Schematic4.png
2016,Schematic2.png
2017,Schematic2.png
2018,Schematic3.png
2019,Schematic2.png
2020,Schematic4.png
2021,Schematic2.png
2024,Schematic4.png
2025,Schematic4.png
2026,Schematic4.png
2028,Schematic4.png
2031,Schematic2.png
2032,Schematic3.png
2033,Schematic2.png
2034,Schematic4.png
2039,Schematic5.png
2040,Schematic4.png
2048,Schematic4.png
2049,Schematic2.png
2050,Schematic4.png
2051,Schematic4.png
2052,Schematic2.png
2053,Schematic2.png
2054,Schematic4.png
2055,Schematic4.png
2057,Schematic2.png
2060,Schematic5.png
2061,Schematic4.png
2062,Schematic4.png
2063,Schematic4.png
2080,Schematic4.png
2087,Schematic3.png
2092,Schematic5.png
2096,Schematic5.png
2098,Schematic7.png
2103,Schematic6.png
